City_ID,City,Country,Date,Lat,Lng,Max Temp,Humidity,Cloudiness,Wind Speed
0,Avarua,CK,2022-03-24 03:44:38,-21.2078,-159.775,82.45,78,20,11.5
1,Hobart,AU,2022-03-24 03:45:06,-42.8794,147.3294,69.66,51,75,14.97
2,Ushuaia,AR,2022-03-24 03:47:10,-54.8,-68.3,46.06,53,75,13.8
3,Sandwick,GB,2022-03-24 03:47:10,60.0,-1.25,46.22,87,48,3.44
4,Vanino,RU,2022-03-24 03:47:11,49.0869,140.2543,34.86,78,99,4.0
5,Srednekolymsk,RU,2022-03-24 03:47:11,67.45,153.6833,11.55,87,98,6.85
6,Tasiilaq,GL,2022-03-24 03:47:12,65.6145,-37.6368,8.76,68,100,7.11
7,Victoria,HK,2022-03-24 03:47:12,22.2855,114.1577,67.32,89,100,10.0
8,Bethel,US,2022-03-24 03:47:13,41.3712,-73.414,39.56,80,100,10.36
9,Pevek,RU,2022-03-24 03:47:16,69.7008,170.3133,21.83,84,100,0.98
10,Tsabong,BW,2022-03-24 03:47:17,-26.0217,22.401,70.65,57,97,9.75
11,Port Elizabeth,ZA,2022-03-24 03:47:17,-33.918,25.5701,69.31,86,0,18.41
12,Jamestown,US,2022-03-24 03:47:18,42.097,-79.2353,48.02,70,100,10.36
13,Lubango,AO,2022-03-24 03:47:18,-14.9172,13.4925,60.64,92,100,1.48
14,Cap Malheureux,MU,2022-03-24 03:47:19,-19.9842,57.6142,82.47,78,38,3.0
15,San Quintin,MX,2022-03-24 03:45:03,30.4833,-115.95,66.99,37,0,4.61
16,Minggang,CN,2022-03-24 03:47:20,32.4586,114.0486,62.19,62,100,12.84
17,Sola,VU,2022-03-24 03:47:20,-13.8833,167.55,86.67,74,75,5.75
18,Mataura,NZ,2022-03-24 03:46:00,-46.1927,168.8643,60.57,54,15,8.52
19,Port Lincoln,AU,2022-03-24 03:45:33,-34.7333,135.8667,67.44,46,12,11.34
20,Airai,TL,2022-03-24 03:47:21,-8.9266,125.4092,70.2,73,98,1.79
21,Talcahuano,CL,2022-03-24 03:45:15,-36.7167,-73.1167,51.48,66,0,3.44
22,Ankara,TR,2022-03-24 03:47:22,39.9199,32.8543,33.33,89,100,4.61
23,Tuktoyaktuk,CA,2022-03-24 03:47:23,69.4541,-133.0374,-14.8,76,20,17.27
24,Betioky,MG,2022-03-24 03:47:23,-23.7167,44.3833,74.71,66,4,2.55
25,Rikitea,PF,2022-03-24 03:47:24,-23.1203,-134.9692,79.61,71,100,12.55
26,Manono,CD,2022-03-24 03:47:24,-7.3,27.4167,66.42,97,64,2.21
27,Kapaa,US,2022-03-24 03:47:27,22.0752,-159.319,82.38,79,75,21.85
28,Ribeira Grande,PT,2022-03-24 03:44:46,38.5167,-28.7,59.2,78,88,17.0
29,Loiza,PR,2022-03-24 03:47:28,18.4313,-65.8802,76.05,85,40,8.05
30,Esperance,AU,2022-03-24 03:47:28,-33.8667,121.9,71.44,57,59,10.04
31,Saldanha,ZA,2022-03-24 03:47:28,-33.0117,17.9442,62.65,89,7,20.24
32,Talnakh,RU,2022-03-24 03:47:29,69.4865,88.3972,11.21,81,88,9.64
33,Ouango,CF,2022-03-24 03:47:29,4.3133,22.5552,70.36,85,33,2.77
34,Grindavik,IS,2022-03-24 03:47:30,63.8424,-22.4338,44.55,100,100,20.71
35,Biak,ID,2022-03-24 03:47:30,-0.9131,122.8766,80.1,72,100,2.71
36,Mocuba,MZ,2022-03-24 03:47:31,-16.8392,36.9856,68.5,98,9,3.11
37,Taitung,TW,2022-03-24 03:47:31,22.7583,121.1444,73.67,73,75,4.61
38,Bluff,NZ,2022-03-24 03:47:31,-46.6,168.3333,58.66,58,58,15.35
39,Busselton,AU,2022-03-24 03:47:32,-33.65,115.3333,77.02,35,0,9.13
40,Burnie,AU,2022-03-24 03:47:32,-41.0667,145.9167,65.73,53,24,12.5
41,Geraldton,AU,2022-03-24 03:47:33,-28.7667,114.6,99.01,19,28,17.27
42,Hermanus,ZA,2022-03-24 03:47:33,-34.4187,19.2345,64.8,86,88,9.42
43,Punta Arenas,CL,2022-03-24 03:47:34,-53.15,-70.9167,46.51,49,0,17.27
44,Mount Isa,AU,2022-03-24 03:48:34,-20.7333,139.5,96.57,24,40,12.66
45,Albany,US,2022-03-24 03:48:34,42.6001,-73.9662,39.02,81,100,3.0
46,Kahului,US,2022-03-24 03:48:35,20.8947,-156.47,73.42,78,75,21.85
47,Maidstone,GB,2022-03-24 03:48:35,51.2667,0.5167,48.65,72,0,1.14
48,Nikolskoye,RU,2022-03-24 03:47:38,59.7035,30.7861,30.79,95,11,4.63
49,Letlhakane,BW,2022-03-24 03:48:36,-21.4167,25.5833,65.46,65,69,7.38
50,San Patricio,US,2022-03-24 03:48:36,28.017,-97.5169,65.84,35,59,3.0
51,Ponta Delgada,PT,2022-03-24 03:48:37,37.7333,-25.6667,57.51,82,20,3.44
52,Road Town,VG,2022-03-24 03:48:37,18.4167,-64.6167,75.99,75,0,19.44
53,Eyl,SO,2022-03-24 03:48:38,7.9803,49.8164,77.94,77,34,4.72
54,Gimli,CA,2022-03-24 03:48:38,50.6336,-96.9907,32.02,80,21,1.14
55,Provideniya,RU,2022-03-24 03:45:57,64.3833,-173.3,17.71,67,0,0.0
56,Poronaysk,RU,2022-03-24 03:48:39,49.2167,143.1167,30.27,85,88,4.74
57,Yar-Sale,RU,2022-03-24 03:48:39,66.8333,70.8333,9.59,95,91,1.66
58,Tabou,CI,2022-03-24 03:48:40,4.423,-7.3528,78.84,88,83,3.0
59,Yulara,AU,2022-03-24 03:48:40,-25.2406,130.9889,87.64,30,5,11.5
60,Cherskiy,RU,2022-03-24 03:48:41,68.75,161.3,18.39,92,100,6.22
61,Auki,SB,2022-03-24 03:48:41,-8.7676,160.7034,81.1,83,97,1.9
62,Atuona,PF,2022-03-24 03:48:41,-9.8,-139.0333,79.36,77,99,15.95
63,Itoman,JP,2022-03-24 03:48:42,26.1247,127.6694,69.82,56,75,13.8
64,Kruisfontein,ZA,2022-03-24 03:48:42,-34.0033,24.7314,66.88,90,100,9.93
65,Vaini,TO,2022-03-24 03:48:43,-21.2,-175.2,75.36,94,100,4.61
66,Ranong,TH,2022-03-24 03:48:43,9.9658,98.6348,84.13,67,100,2.35
67,Parabel,RU,2022-03-24 03:48:44,58.6978,81.4825,21.7,90,100,3.69
68,Marawi,PH,2022-03-24 03:48:44,7.9986,124.2928,82.04,58,67,6.78
69,Dongsheng,CN,2022-03-24 03:48:44,39.8161,109.9776,56.32,35,100,14.61
70,Ilulissat,GL,2022-03-24 03:48:45,69.2167,-51.1,-2.18,50,0,2.3
71,Georgetown,MY,2022-03-24 03:48:45,5.4112,100.3354,87.73,78,20,6.91
72,Laramie,US,2022-03-24 03:48:46,41.3114,-105.5911,36.55,59,0,14.97
73,East London,ZA,2022-03-24 03:48:46,-33.0153,27.9116,70.74,83,0,9.22
74,Castro,BR,2022-03-24 03:48:47,-24.7911,-50.0119,63.36,92,94,4.5
75,Leningradskiy,RU,2022-03-24 03:44:35,69.3833,178.4167,9.61,93,86,8.48
76,Arraial Do Cabo,BR,2022-03-24 03:48:47,-22.9661,-42.0278,75.16,77,5,14.94
77,Oktyabrskiy,RU,2022-03-24 03:48:48,54.4815,53.471,30.54,93,79,6.22
78,Qaanaaq,GL,2022-03-24 03:48:48,77.484,-69.3632,-13.67,78,99,7.67
79,Umm Kaddadah,SD,2022-03-24 03:48:49,13.6017,26.6876,65.26,19,96,19.84
80,Dicabisagan,PH,2022-03-24 03:48:49,17.0818,122.4157,84.0,70,29,5.46
81,Tayoltita,MX,2022-03-24 03:48:50,24.0833,-105.9333,56.98,36,0,5.93
82,Mahebourg,MU,2022-03-24 03:48:40,-20.4081,57.7,82.26,83,40,5.75
83,Honiara,SB,2022-03-24 03:48:50,-9.4333,159.95,82.63,79,76,2.17
84,Forestville,US,2022-03-24 03:48:51,38.8451,-76.875,59.52,97,100,8.05
85,Torbay,CA,2022-03-24 03:48:51,47.6666,-52.7314,30.27,87,100,18.41
86,Naifaru,MV,2022-03-24 03:48:52,5.4444,73.3657,83.48,61,14,13.4
87,Singleton,AU,2022-03-24 03:48:52,-32.5667,151.1833,68.99,94,100,8.99
88,Klaksvik,FO,2022-03-24 03:48:53,62.2266,-6.589,43.72,94,62,5.91
89,Alofi,NU,2022-03-24 03:48:53,-19.0595,-169.9187,81.05,77,70,8.97
90,Chama,CH,2022-03-24 03:48:54,47.1821,8.4636,42.94,84,0,1.14
91,Bredasdorp,ZA,2022-03-24 03:49:54,-34.5322,20.0403,67.17,83,97,7.54
92,Hilo,US,2022-03-24 03:49:54,19.7297,-155.09,73.13,97,100,15.01
93,Saint-Philippe,RE,2022-03-24 03:49:55,-21.3585,55.7679,80.19,80,52,9.01
94,Lebu,CL,2022-03-24 03:49:55,-37.6167,-73.65,51.31,74,2,13.65
95,Rio Gallegos,AR,2022-03-24 03:49:56,-51.6226,-69.2181,48.25,76,0,14.97
96,Daru,PG,2022-03-24 03:49:57,-9.0763,143.2092,83.21,78,71,1.48
97,Hasaki,JP,2022-03-24 03:49:57,35.7333,140.8333,54.28,65,94,14.52
98,Tucuma,BR,2022-03-24 03:49:57,-0.1833,-50.05,75.7,93,100,4.52
99,Avera,US,2022-03-24 03:45:09,33.194,-82.5271,71.11,93,85,9.82
100,Oktyabrskoye,RU,2022-03-24 03:49:58,43.0645,44.7417,24.94,92,88,8.95
101,Barrow,US,2022-03-24 03:49:59,71.2906,-156.7887,-5.78,71,0,14.97
102,Southbridge,US,2022-03-24 03:49:59,42.0751,-72.0334,40.08,79,100,4.0
103,Meulaboh,ID,2022-03-24 03:50:00,4.1363,96.1285,85.44,67,99,1.36
104,Saint George,US,2022-03-24 03:49:48,37.1041,-113.5841,64.94,16,0,4.0
105,New Norfolk,AU,2022-03-24 03:50:01,-42.7826,147.0587,69.3,51,84,5.01
106,Manokwari,ID,2022-03-24 03:50:01,-0.8667,134.0833,82.33,74,100,1.41
107,Liliani,PK,2022-03-24 03:50:02,32.2065,72.9537,86.7,14,0,7.16
108,Haines Junction,CA,2022-03-24 03:50:03,60.7522,-137.5108,33.75,51,97,6.91
109,Kaeo,NZ,2022-03-24 03:50:03,-35.1,173.7833,73.33,67,1,14.18
110,Yellowknife,CA,2022-03-24 03:46:09,62.456,-114.3525,5.56,80,20,5.75
111,Tautira,PF,2022-03-24 03:50:04,-17.7333,-149.15,80.6,72,84,9.15
112,San Cristobal,VE,2022-03-24 03:49:41,7.7669,-72.225,73.58,71,37,1.32
113,Guarapari,BR,2022-03-24 03:50:04,-20.6667,-40.4975,71.89,80,54,1.88
114,Upernavik,GL,2022-03-24 03:50:05,72.7868,-56.1549,-15.18,88,46,5.46
115,Dubbo,AU,2022-03-24 03:50:05,-32.25,148.6167,82.53,44,100,8.05
116,Abu Samrah,SY,2022-03-24 03:50:06,35.3029,37.1841,42.06,88,76,11.05
117,Birao,CF,2022-03-24 03:50:06,10.2849,22.7882,73.36,16,100,7.96
118,Sakaiminato,JP,2022-03-24 03:50:07,35.55,133.2333,58.98,44,40,13.8
119,Kloulklubed,PW,2022-03-24 03:50:07,7.0419,134.2556,81.1,77,100,12.55
120,Coquimbo,CL,2022-03-24 03:47:32,-29.9533,-71.3436,58.73,82,0,4.61
121,Marzuq,YE,2022-03-24 03:50:08,14.4,46.4667,71.49,55,94,5.06
122,Kavieng,PG,2022-03-24 03:50:08,-2.5744,150.7967,84.29,72,100,8.61
123,Puerto Escondido,MX,2022-03-24 03:50:09,15.85,-97.0667,78.8,81,1,2.86
124,Chengde,CN,2022-03-24 03:50:09,40.9725,117.9361,54.16,50,72,3.65
125,Port Alfred,ZA,2022-03-24 03:50:10,-33.5906,26.891,71.37,89,100,12.91
126,Yarim,YE,2022-03-24 03:50:10,14.298,44.3779,57.27,60,19,2.3
127,Mutum,BR,2022-03-24 03:50:11,-19.8,-41.4383,65.68,93,29,2.57
128,Beaver Dam,US,2022-03-24 03:50:11,43.4578,-88.8373,39.34,98,100,10.36
129,Lompoc,US,2022-03-24 03:47:44,34.6391,-120.4579,63.01,93,100,6.91
130,Kochevo,RU,2022-03-24 03:50:12,59.5994,54.3125,29.44,89,97,3.42
131,Rudbar,AF,2022-03-24 03:50:13,30.15,62.6,58.21,39,0,8.25
132,Thompson,CA,2022-03-24 03:49:44,55.7435,-97.8558,35.76,80,75,11.5
133,Ulkan,RU,2022-03-24 03:50:14,57.243,107.3223,29.07,79,100,10.0
134,Dingle,PH,2022-03-24 03:50:55,10.9995,122.6711,89.87,53,37,13.04
135,Rocha,UY,2022-03-24 03:47:33,-34.4833,-54.3333,70.65,88,100,11.14
136,Ossora,RU,2022-03-24 03:51:18,59.2353,163.0719,23.94,77,30,4.05
137,Beyla,GN,2022-03-24 03:51:19,8.6833,-8.6333,70.5,87,13,3.29
138,Chuy,UY,2022-03-24 03:47:36,-33.6971,-53.4616,69.8,90,100,8.86
139,Nioro,GM,2022-03-24 03:51:19,13.35,-15.75,71.06,41,2,4.63
140,Verkhnevilyuysk,RU,2022-03-24 03:51:20,63.4453,120.3167,23.61,86,100,3.11
141,Dikson,RU,2022-03-24 03:51:20,73.5069,80.5464,8.01,89,100,12.24
142,Egvekinot,RU,2022-03-24 03:47:31,66.3167,-179.1667,13.5,82,15,1.41
143,Kiunga,PG,2022-03-24 03:51:21,-6.1219,141.2906,85.15,75,100,4.05
144,Goderich,CA,2022-03-24 03:51:22,43.7501,-81.7165,38.91,87,100,23.02
145,Puerto Ayora,EC,2022-03-24 03:51:23,-0.7393,-90.3518,78.44,80,52,6.42
146,Cockburn Town,TC,2022-03-24 03:47:33,21.4612,-71.1419,76.96,73,40,17.27
147,Nantucket,US,2022-03-24 03:46:34,41.2835,-70.0995,41.14,74,100,6.91
148,Leh,IN,2022-03-24 03:51:23,34.1667,77.5833,27.43,78,97,5.53
149,Katsuura,JP,2022-03-24 03:51:24,35.1333,140.3,54.1,64,72,5.17
150,Xining,CN,2022-03-24 03:51:24,36.6167,101.7667,53.33,24,100,5.55
151,Kirishi,RU,2022-03-24 03:51:25,59.4471,32.0205,25.88,98,19,3.85
152,Skibbereen,IE,2022-03-24 03:51:25,51.55,-9.2667,50.11,92,4,3.44
153,Tselinnoye,RU,2022-03-24 03:51:26,53.0833,85.6667,24.58,92,100,20.67
154,Alice Springs,AU,2022-03-24 03:51:26,-23.7,133.8833,94.55,21,10,5.75
155,Mandan,US,2022-03-24 03:47:38,46.8267,-100.8896,38.95,63,0,6.91
156,Butaritari,KI,2022-03-24 03:51:27,3.0707,172.7902,80.98,77,23,12.28
157,Gweru,ZW,2022-03-24 03:51:27,-19.45,29.8167,56.23,89,3,5.3
158,Noumea,NC,2022-03-24 03:51:28,-22.2763,166.4572,82.99,99,99,12.86
159,Mar Del Plata,AR,2022-03-24 03:51:28,-38.0023,-57.5575,69.1,96,100,13.8
160,Mount Gambier,AU,2022-03-24 03:51:29,-37.8333,140.7667,64.31,52,100,10.36
161,Bathsheba,BB,2022-03-24 03:51:29,13.2167,-59.5167,77.61,78,40,20.71
162,Maniitsoq,GL,2022-03-24 03:51:30,65.4167,-52.9,-2.94,79,33,3.33
163,Asheville,US,2022-03-24 03:50:50,35.6009,-82.554,59.92,88,75,4.61
164,Faanui,PF,2022-03-24 03:50:55,-16.4833,-151.75,80.69,73,100,8.12
165,Saskylakh,RU,2022-03-24 03:51:30,71.9167,114.0833,-1.48,95,94,4.38
166,Vanatorii Mici,RO,2022-03-24 03:51:31,44.4903,25.5589,41.63,63,0,7.05
167,Bud,US,2022-03-24 03:51:31,39.447,-86.1758,48.9,82,100,16.44
168,Cabo San Lucas,MX,2022-03-24 03:48:28,22.8909,-109.9124,69.62,62,0,7.23
169,Tilichiki,RU,2022-03-24 03:51:32,60.4667,166.1,23.32,75,100,2.98
170,Codrington,AU,2022-03-24 03:51:32,-38.2667,141.9667,62.4,54,100,8.5
171,Richards Bay,ZA,2022-03-24 03:51:33,-28.783,32.0377,67.8,88,11,8.84
172,Scranton,US,2022-03-24 03:51:33,41.409,-75.6624,39.2,87,100,7.0
173,Illapel,CL,2022-03-24 03:51:34,-31.6308,-71.1653,60.73,72,0,1.9
174,Karasburg,NA,2022-03-24 03:51:34,-28.0167,18.75,63.25,63,0,6.35
175,Vologda,RU,2022-03-24 03:51:35,59.2187,39.8886,27.97,96,12,6.93
176,Sioux Lookout,CA,2022-03-24 03:51:35,50.1001,-91.917,30.27,93,100,0.0
177,Aykhal,RU,2022-03-24 03:51:36,66.0,111.5,9.12,70,88,5.21
178,Yerofey Pavlovich,RU,2022-03-24 03:52:36,53.9667,121.9667,29.34,79,99,5.03
179,Teguldet,RU,2022-03-24 03:52:37,57.3064,88.1667,27.12,84,100,9.06
180,Kenai,US,2022-03-24 03:52:00,60.5544,-151.2583,37.49,64,40,9.22
181,Sobolevo,RU,2022-03-24 03:52:37,54.4299,31.8996,32.34,98,97,7.81
182,Sonkovo,RU,2022-03-24 03:52:38,57.7782,37.1571,28.71,98,100,2.8
183,Grand Gaube,MU,2022-03-24 03:52:38,-20.0064,57.6608,83.37,77,43,5.99
184,Mikhaylovka,RU,2022-03-24 03:52:39,50.06,43.2379,28.71,97,66,1.45
185,Hambantota,LK,2022-03-24 03:52:39,6.1241,81.1185,82.74,94,40,10.36
186,Lorengau,PG,2022-03-24 03:52:39,-2.0226,147.2712,85.28,68,99,5.93
187,Sinnamary,GF,2022-03-24 03:52:40,5.3833,-52.95,77.31,90,99,12.53
188,Gubbi,IN,2022-03-24 03:52:40,13.3106,76.9444,83.55,47,81,5.99
189,Carnarvon,AU,2022-03-24 03:52:41,-24.8667,113.6333,86.07,66,40,6.91
190,Songjianghe,CN,2022-03-24 03:52:41,42.1859,127.479,41.81,41,31,7.92
191,Liverpool,GB,2022-03-24 03:52:42,53.4106,-2.9779,45.82,77,1,4.61
192,Tiksi,RU,2022-03-24 03:52:42,71.6872,128.8694,-2.69,92,97,3.31
193,Luanda,AO,2022-03-24 03:48:20,-8.8368,13.2343,78.8,89,75,5.75
194,Hithadhoo,MV,2022-03-24 03:49:37,-0.6,73.0833,83.84,66,0,18.3
195,Palencia,ES,2022-03-24 03:52:43,42.4167,-4.5,39.79,84,41,6.76
196,Nasturelu,RO,2022-03-24 03:52:44,43.6667,25.4667,39.31,66,0,5.82
197,Petropavlovsk-Kamchatskiy,RU,2022-03-24 03:50:53,53.0452,158.6483,28.99,64,75,6.71
198,Narsaq,GL,2022-03-24 03:52:45,60.9167,-46.05,14.4,78,71,7.34
199,Marsa Matruh,EG,2022-03-24 03:52:45,31.3525,27.2453,46.6,87,75,11.5
200,Hammerfest,NO,2022-03-24 03:52:46,70.6634,23.6821,23.45,80,75,5.75
201,Shahreza,IR,2022-03-24 03:52:46,32.0339,51.8794,57.88,23,0,12.73
202,San Carlos,VE,2022-03-24 03:52:47,9.6612,-68.5827,74.93,69,61,4.74
203,Qinhuangdao,CN,2022-03-24 03:51:54,39.9317,119.5883,52.99,62,43,10.47
204,Port-Cartier,CA,2022-03-24 03:52:47,50.0334,-66.8654,26.82,86,3,6.67
205,Abu Dhabi,AE,2022-03-24 03:51:23,24.4667,54.3667,72.97,56,0,3.44
206,Da Nang,VN,2022-03-24 03:52:48,16.0678,108.2208,84.18,70,40,3.44
207,Wanaka,NZ,2022-03-24 03:50:54,-44.7,169.15,62.96,70,69,10.33
208,Ust-Nera,RU,2022-03-24 03:52:48,64.5667,143.2,12.87,81,99,5.68
209,Zhumadian,CN,2022-03-24 03:52:49,32.9794,114.0294,61.81,62,73,13.69
210,Jinxi,CN,2022-03-24 03:52:49,30.4323,116.2922,58.93,73,89,5.35
211,Ambon,ID,2022-03-24 03:52:50,-3.6954,128.1814,87.94,66,40,12.66
212,Balkanabat,TM,2022-03-24 03:52:50,39.5108,54.3671,44.24,56,64,11.68
213,Mandalgovi,MN,2022-03-24 03:52:37,45.7625,106.2708,27.7,27,47,32.77
214,Martvili,GE,2022-03-24 03:52:51,42.4144,42.3792,42.85,72,100,7.27
215,Farafangana,MG,2022-03-24 03:52:51,-22.8167,47.8333,73.69,86,29,3.94
216,Chokurdakh,RU,2022-03-24 03:52:52,70.6333,147.9167,3.54,90,99,0.27
217,Shvartsevskiy,RU,2022-03-24 03:52:52,54.0961,37.9917,28.96,92,100,6.02
218,Vanimo,PG,2022-03-24 03:52:53,-2.6741,141.3028,85.08,69,100,6.24
219,Korla,CN,2022-03-24 03:52:53,41.7597,86.1469,47.7,29,100,16.55
220,Vila Velha,BR,2022-03-24 03:52:54,-20.3297,-40.2925,73.35,93,75,2.3
221,Luderitz,NA,2022-03-24 03:52:54,-26.6481,15.1594,63.07,80,5,9.8
222,Beloha,MG,2022-03-24 03:52:54,-25.1667,45.05,73.58,68,0,7.18
223,Olot,ES,2022-03-24 03:52:55,42.181,2.4901,40.98,62,95,3.56
224,Bolshevik,BY,2022-03-24 03:53:55,54.0065,27.5692,33.42,80,66,14.83
225,Nome,US,2022-03-24 03:53:18,64.5011,-165.4064,17.17,60,0,9.84
226,Kaitangata,NZ,2022-03-24 03:53:56,-46.2817,169.8464,62.69,54,6,11.72
227,Pekan,MY,2022-03-24 03:53:56,3.4836,103.3996,84.31,70,39,5.61
228,Cayenne,GF,2022-03-24 03:53:57,4.9333,-52.3333,80.1,1,75,9.22
229,Fukue,JP,2022-03-24 03:53:58,32.6881,128.8419,59.36,55,20,9.22
230,Podosinovets,RU,2022-03-24 03:53:58,60.2776,47.0659,31.89,82,100,8.79
231,Longyearbyen,SJ,2022-03-24 03:53:59,78.2186,15.6401,-17.1,97,48,3.18
232,Bengkulu,ID,2022-03-24 03:53:59,-3.8004,102.2655,83.95,63,25,6.15
233,Payo,ID,2022-03-24 03:54:00,-3.7508,103.6372,90.48,51,13,2.59
234,Mayskiy,RU,2022-03-24 03:54:00,47.6931,40.1025,29.61,61,0,5.61
235,Kedougou,SN,2022-03-24 03:54:00,12.5579,-12.1743,90.18,40,0,4.61
236,Cidreira,BR,2022-03-24 03:54:01,-30.1811,-50.2056,69.73,90,100,11.72
237,Fairbanks,US,2022-03-24 03:49:09,64.8378,-147.7164,19.36,51,0,12.66
238,Astaneh-Ye Ashrafiyeh,IR,2022-03-24 03:54:02,37.2596,49.9444,39.13,86,100,3.4
239,Gorontalo,ID,2022-03-24 03:54:01,0.5412,123.0595,77.86,86,100,3.69
240,Cape Town,ZA,2022-03-24 03:49:53,-33.9258,18.4232,66.61,86,40,14.97
241,Sao Filipe,CV,2022-03-24 03:54:02,14.8961,-24.4956,69.24,73,2,11.01
242,Portland,US,2022-03-24 03:50:49,45.5234,-122.6762,54.75,85,75,11.5
243,Ketchikan,US,2022-03-24 03:54:03,55.3422,-131.6461,40.98,88,100,5.39
244,Sorland,NO,2022-03-24 03:54:03,67.667,12.6934,35.89,60,87,19.08
245,Youkounkoun,GN,2022-03-24 03:54:04,12.5333,-13.1333,77.77,50,11,8.05
246,Seymchan,RU,2022-03-24 03:54:04,62.8833,152.4333,13.77,74,100,3.24
247,Taksimo,RU,2022-03-24 03:54:05,56.3444,114.8794,19.2,85,100,2.46
248,Tateyama,JP,2022-03-24 03:54:06,34.9833,139.8667,51.76,66,58,3.42
249,Severo-Kurilsk,RU,2022-03-24 03:53:58,50.6789,156.125,32.4,73,78,10.45
250,Altagracia De Orituco,VE,2022-03-24 03:54:07,9.8601,-66.3814,71.01,83,69,7.07
251,Sahuaripa,MX,2022-03-24 03:54:08,29.05,-109.2333,59.02,14,0,5.35
252,Knysna,ZA,2022-03-24 03:54:08,-34.0363,23.0471,66.27,96,27,4.83
253,Baglung,NP,2022-03-24 03:54:09,28.2719,83.5898,79.3,20,0,3.76
254,Katherine,AU,2022-03-24 03:54:09,-14.4667,132.2667,97.12,34,40,6.91
255,Labuhan,ID,2022-03-24 03:54:09,-6.8844,112.2051,86.74,67,86,2.46
256,Yarada,IN,2022-03-24 03:54:10,17.65,83.2667,86.32,74,75,6.91
257,Nanortalik,GL,2022-03-24 03:54:10,60.1432,-45.2371,19.9,85,49,5.21
258,Cozumel,MX,2022-03-24 03:54:11,20.5083,-86.9458,77.0,80,8,7.0
259,Kahramanmaras,TR,2022-03-24 03:54:11,38.0,37.0,23.56,88,87,3.18
260,Kampene,CD,2022-03-24 03:54:12,-3.6,26.6667,65.1,97,27,1.54
261,Port Hedland,AU,2022-03-24 03:54:12,-20.3167,118.5667,96.85,52,75,10.36
262,Nueva Gorgona,PA,2022-03-24 03:54:13,8.55,-79.8667,82.22,99,18,11.7
263,Kiama,AU,2022-03-24 03:54:13,-34.6833,150.8667,70.38,90,100,4.45
264,Bandarbeyla,SO,2022-03-24 03:54:14,9.4942,50.8122,76.5,78,36,1.9
265,Kavaratti,IN,2022-03-24 03:53:02,10.5669,72.642,83.28,68,68,6.24
266,Yenagoa,NG,2022-03-24 03:54:14,4.9247,6.2642,78.1,92,100,3.65
267,Tigil,RU,2022-03-24 03:54:15,57.8,158.6667,25.84,74,92,10.4
268,Komsomolskiy,UZ,2022-03-24 03:54:15,40.4272,71.7189,41.72,81,100,6.91
269,Jaisalmer,IN,2022-03-24 03:54:15,26.9147,70.9181,80.56,30,0,17.43
270,Trogir,HR,2022-03-24 03:54:16,43.5125,16.2517,51.85,25,0,5.75
271,Letlhakeng,BW,2022-03-24 03:54:16,-24.0944,25.0298,62.71,58,5,7.05
272,Rawson,AR,2022-03-24 03:55:17,-43.3002,-65.1023,54.75,59,95,15.64
273,Chamba,IN,2022-03-24 03:55:18,32.5667,76.1333,76.12,23,56,2.84
274,Sao Joao Da Barra,BR,2022-03-24 03:55:19,-21.6403,-41.0511,74.91,77,20,6.26
275,Los Llanos De Aridane,ES,2022-03-24 03:55:19,28.6585,-17.9182,60.55,81,0,18.41
276,Oksfjord,NO,2022-03-24 03:55:20,70.2396,22.3479,21.27,93,83,8.95
277,Chiredzi,ZW,2022-03-24 03:55:21,-21.05,31.6667,63.1,86,1,2.3
278,Nuevo Progreso,MX,2022-03-24 03:55:21,23.1667,-97.95,52.54,61,3,3.4
279,Paamiut,GL,2022-03-24 03:55:21,61.994,-49.6678,5.92,82,24,6.87
280,Toguchin,RU,2022-03-24 03:55:22,55.2353,84.3858,27.34,94,100,16.49
281,Lavrentiya,RU,2022-03-24 03:55:22,65.5833,-171.0,5.0,82,2,5.53
282,Saint-Louis,SN,2022-03-24 03:55:23,16.3333,-15.0,74.84,24,0,12.3
283,Senneterre,CA,2022-03-24 03:55:23,48.3835,-77.2328,29.93,85,100,11.7
284,Norman Wells,CA,2022-03-24 03:55:24,65.282,-126.8329,-0.36,65,20,5.75
285,Catamarca,AR,2022-03-24 03:50:47,-28.4696,-65.7852,73.78,52,0,26.15
286,Maple Creek,CA,2022-03-24 03:50:58,49.9168,-109.4848,57.61,44,48,6.91
287,Puerto Madryn,AR,2022-03-24 03:50:54,-42.7692,-65.0385,55.36,61,100,19.3
288,Sorkjosen,NO,2022-03-24 03:55:25,69.8,20.9333,30.2,93,100,0.0
289,Sisimiut,GL,2022-03-24 03:55:25,66.9395,-53.6735,-0.99,71,51,9.57
290,Mahon,ES,2022-03-24 03:55:26,39.8885,4.2658,54.16,87,100,16.11
291,Kyzyl-Suu,KG,2022-03-24 03:55:26,42.3414,78.0056,30.49,96,100,5.35
292,Kurchum,KZ,2022-03-24 03:55:26,48.5722,83.6542,27.81,87,100,15.21
293,Clyde River,CA,2022-03-24 03:53:31,70.4692,-68.5914,-3.77,84,100,3.44
294,Kodiak,US,2022-03-24 03:55:27,57.79,-152.4072,31.44,65,75,7.56
295,Jacareacanga,BR,2022-03-24 03:51:37,-6.2222,-57.7528,72.79,99,95,2.26
296,Hualmay,PE,2022-03-24 03:55:28,-11.0964,-77.6139,69.39,86,91,7.72
297,Tezu,IN,2022-03-24 03:55:28,27.9167,96.1667,89.94,27,89,2.8
298,Paris,FR,2022-03-24 03:53:25,48.8534,2.3488,50.22,58,0,5.75
299,Escarcega,MX,2022-03-24 03:55:29,18.6089,-90.7454,72.1,95,16,0.65
300,Khatanga,RU,2022-03-24 03:55:29,71.9667,102.5,6.87,93,100,5.46
301,Iqaluit,CA,2022-03-24 03:55:30,63.7506,-68.5145,15.53,66,100,21.85
302,Muborak,UZ,2022-03-24 03:55:30,39.2553,65.1528,42.76,60,55,6.58
303,Sitka,US,2022-03-24 03:55:31,57.0531,-135.33,40.89,75,100,6.91
304,Poya,NC,2022-03-24 03:55:31,-21.35,165.15,80.74,76,100,8.93
305,Kilindoni,TZ,2022-03-24 03:55:31,-7.9139,39.6668,80.96,79,97,7.02
306,Semirom,IR,2022-03-24 03:55:32,31.4167,51.5667,45.59,41,11,7.49
307,Laguna,US,2022-03-24 03:55:32,38.421,-121.4238,70.68,71,20,5.28
308,Snezhnogorsk,RU,2022-03-24 03:55:33,69.1933,33.2531,26.38,79,100,17.74
309,Oistins,BB,2022-03-24 03:55:33,13.0667,-59.5333,77.09,78,40,20.71
310,Paredon,MX,2022-03-24 03:55:34,16.0333,-93.8667,77.9,64,2,12.17
311,Sarangani,PH,2022-03-24 03:55:34,5.4033,125.4636,81.99,70,95,3.53
312,Te Anau,NZ,2022-03-24 03:55:35,-45.4167,167.7167,62.47,43,7,3.13
313,Yumen,CN,2022-03-24 03:55:35,40.2833,97.2,41.0,28,89,20.13
314,Nemuro,JP,2022-03-24 03:55:35,43.3236,145.575,34.34,80,100,4.36
315,Benalla,AU,2022-03-24 03:55:36,-36.55,145.9833,71.35,28,92,4.07
316,Dudinka,RU,2022-03-24 03:53:43,69.4058,86.1778,11.62,93,98,13.27
317,Pangnirtung,CA,2022-03-24 03:55:37,66.1451,-65.7125,14.16,75,100,6.38
318,Ovruch,UA,2022-03-24 03:55:37,51.3246,28.8035,37.62,75,0,11.95
319,Anadyr,RU,2022-03-24 03:56:38,64.75,177.4833,10.9,85,0,4.47
320,Roald,NO,2022-03-24 03:56:38,62.5833,6.1333,49.12,76,40,18.41
321,Deputatskiy,RU,2022-03-24 03:56:39,69.3,139.9,5.68,86,100,1.59
322,San Martino Buon Albergo,IT,2022-03-24 03:56:39,45.4217,11.0969,51.08,70,0,2.3
323,Anito,PH,2022-03-24 03:56:39,12.4497,125.2886,82.8,80,38,8.37
324,Sokoni,TZ,2022-03-24 03:56:40,-6.4333,39.55,78.66,81,59,7.0
325,Half Moon Bay,US,2022-03-24 03:56:40,37.4636,-122.4286,59.59,74,20,9.22
326,Dobele,LV,2022-03-24 03:56:41,56.625,23.2786,32.04,92,5,5.23
327,Lagoa,PT,2022-03-24 03:56:41,39.05,-27.9833,58.98,71,83,15.01
328,Erenhot,CN,2022-03-24 03:56:42,43.6475,111.9767,46.0,27,100,28.95
329,Aklavik,CA,2022-03-24 03:56:42,68.2191,-135.0107,-11.72,95,100,11.63
330,Broken Hill,AU,2022-03-24 03:56:43,-31.95,141.4333,71.31,33,3,11.5
331,Fortuna,US,2022-03-24 03:56:43,40.5982,-124.1573,52.66,91,0,8.05
332,Salalah,OM,2022-03-24 03:56:43,17.0151,54.0924,78.1,38,6,0.31
333,Haguenau,FR,2022-03-24 03:55:42,48.8156,7.7905,47.91,100,2,2.73
334,Ancud,CL,2022-03-24 03:56:44,-41.8697,-73.8203,48.22,79,9,3.49
335,Champerico,GT,2022-03-24 03:56:45,14.3,-91.9167,81.52,74,40,9.28
336,Khorinsk,RU,2022-03-24 03:56:45,52.1657,109.7726,31.24,58,100,7.18
337,Ixtapa,MX,2022-03-24 03:56:45,20.7,-105.2,69.22,83,10,2.44
338,Monrovia,LR,2022-03-24 03:55:57,6.3005,-10.7969,78.3,90,5,4.56
339,Llanes,ES,2022-03-24 03:56:46,43.4198,-4.7549,53.89,69,40,3.42
340,Juneau,US,2022-03-24 03:56:47,58.3019,-134.4197,40.21,97,100,5.46
341,Kashi,CN,2022-03-24 03:56:47,39.4547,75.9797,58.21,12,40,11.18
342,Shelburne,CA,2022-03-24 03:56:48,44.0787,-80.2041,33.24,98,100,17.36
343,Techiman,GH,2022-03-24 03:56:48,7.5862,-1.9414,74.17,85,57,5.01
344,Namatanai,PG,2022-03-24 03:56:49,-3.6667,152.4333,84.94,64,98,9.86
345,Pacifica,US,2022-03-24 03:56:49,37.6138,-122.4869,58.6,82,33,4.0
346,Naze,JP,2022-03-24 03:56:50,28.3667,129.4833,67.12,60,99,12.41
347,Kununurra,AU,2022-03-24 03:56:50,-15.7667,128.7333,98.58,36,90,8.05
348,Znamenskoye,RU,2022-03-24 03:56:51,57.1281,73.8282,23.94,92,98,4.43
349,Rumonge,BI,2022-03-24 03:56:51,-3.9736,29.4386,68.99,83,10,4.85
350,Imbituba,BR,2022-03-24 03:56:51,-28.24,-48.6703,73.81,93,100,13.78
351,Vila Franca Do Campo,PT,2022-03-24 03:56:52,37.7167,-25.4333,57.2,70,19,1.41
352,El Coyote,MX,2022-03-24 03:56:52,25.7,-103.2667,53.26,22,0,5.97
353,Vardo,NO,2022-03-24 03:56:53,70.3705,31.1107,26.74,59,98,22.79
354,Benguela,AO,2022-03-24 03:56:54,-12.5763,13.4055,78.51,85,93,3.02
355,Muros,ES,2022-03-24 03:56:54,42.7762,-9.0603,51.15,93,26,9.15
356,Eshowe,ZA,2022-03-24 03:56:55,-28.8865,31.4699,61.45,77,3,4.74
357,Ust-Kuyga,RU,2022-03-24 03:56:55,70.0167,135.6,10.47,84,100,7.16
358,Valky,UA,2022-03-24 03:56:55,49.8387,35.6207,34.3,76,2,8.01
359,Arman,RU,2022-03-24 03:56:56,59.7,150.1667,26.02,67,28,4.92
360,Buala,SB,2022-03-24 03:56:56,-8.145,159.5921,83.28,73,94,3.71
361,Killybegs,IE,2022-03-24 03:56:57,54.6333,-8.45,50.61,90,97,3.47
362,Chulym,RU,2022-03-24 03:56:57,55.0997,80.9572,26.47,92,100,13.71
363,Le Port,RE,2022-03-24 03:56:58,-20.9373,55.2919,81.25,63,95,5.97
364,Peleduy,RU,2022-03-24 03:56:58,59.6289,112.7406,30.38,89,99,2.73
365,Nishihara,JP,2022-03-24 03:57:59,26.1842,127.7558,69.08,56,75,13.8
366,Saveh,IR,2022-03-24 03:57:59,35.0213,50.3566,51.87,50,95,4.56
367,Hami,CN,2022-03-24 03:58:00,42.8,93.45,46.04,23,100,5.48
368,Mazatlan,MX,2022-03-24 03:58:00,23.2167,-106.4167,66.9,87,0,1.99
369,Tarauaca,BR,2022-03-24 03:58:01,-8.1614,-70.7656,73.24,98,100,2.59
370,Wysokie Mazowieckie,PL,2022-03-24 03:54:54,52.9166,22.5171,33.62,81,0,6.44
371,Bizhbulyak,RU,2022-03-24 03:58:01,53.6967,54.2642,31.86,93,100,8.68
372,Matara,LK,2022-03-24 03:58:02,5.9485,80.5353,85.53,62,58,7.36
373,Tallahassee,US,2022-03-24 03:57:28,30.4383,-84.2807,66.85,95,100,6.44
374,Eenhana,NA,2022-03-24 03:58:03,-17.4667,16.3333,64.27,96,100,4.36
375,Coihaique,CL,2022-03-24 03:58:03,-45.5752,-72.0662,48.15,61,40,0.0
376,Wanning,CN,2022-03-24 03:58:04,18.8003,110.3967,83.08,71,81,8.68
377,Okato,NZ,2022-03-24 03:58:04,-39.2,173.8833,66.9,84,100,13.11
378,Itarema,BR,2022-03-24 03:58:04,-2.9248,-39.9167,75.38,90,100,6.26
379,Colac,AU,2022-03-24 03:58:05,-38.3333,143.5833,66.16,41,9,7.9
380,Bambous Virieux,MU,2022-03-24 03:58:05,-20.3428,57.7575,83.21,83,40,5.75
381,Kudahuvadhoo,MV,2022-03-24 03:58:06,2.6708,72.8944,83.17,65,13,15.05
382,Gelibolu,TR,2022-03-24 03:58:06,40.4103,26.6708,35.62,79,2,6.64
383,Thaba-Tseka,LS,2022-03-24 03:58:07,-29.522,28.6084,48.22,88,67,5.35
384,Poum,NC,2022-03-24 03:58:07,-20.2333,164.0167,80.33,76,81,5.5
385,El Tambo,CO,2022-03-24 03:58:07,1.4181,-77.3968,53.62,93,85,3.18
386,Encantado,BR,2022-03-24 03:58:08,-29.2361,-51.8697,71.04,100,100,2.33
387,Camacha,PT,2022-03-24 03:58:08,33.0833,-16.3333,56.62,72,40,21.85
388,Ourem,PT,2022-03-24 03:58:09,39.6417,-8.5919,53.85,75,62,14.43
389,Asosa,ET,2022-03-24 03:58:09,10.0667,34.5333,67.89,18,5,3.11
390,Kiruna,SE,2022-03-24 03:58:10,67.8557,20.2251,27.52,86,100,3.44
391,Broome,US,2022-03-24 03:58:10,42.2506,-75.833,40.89,75,100,20.71
392,Maun,BW,2022-03-24 03:58:10,-19.9833,23.4167,68.02,68,96,4.18
393,Saint-Pierre,RE,2022-03-24 03:58:11,-21.3393,55.4781,80.91,74,20,4.61
394,Ponte San Pietro,IT,2022-03-24 03:58:11,45.6963,9.5849,52.05,48,0,5.75
395,Zaraza,VE,2022-03-24 03:58:12,9.3503,-65.3245,76.46,75,63,5.64
396,Owase,JP,2022-03-24 03:58:12,34.0667,136.2,58.86,48,6,1.99
397,Esmeraldas,BR,2022-03-24 03:54:33,-19.7625,-44.3139,68.31,95,5,3.87
398,Besancon,FR,2022-03-24 03:58:13,47.2488,6.0182,40.82,81,0,2.01
399,Kandiari,PK,2022-03-24 03:58:13,26.9156,68.5216,88.83,12,0,5.66
400,Karratha,AU,2022-03-24 03:58:14,-20.7377,116.8463,96.04,41,98,13.09
401,Troyes,FR,2022-03-24 03:58:14,48.3333,4.0833,41.77,86,0,2.3
402,Avallon,FR,2022-03-24 03:58:15,47.4833,3.9,42.15,77,0,2.19
403,Saint-Leu,RE,2022-03-24 03:58:15,-21.15,55.2833,80.31,80,73,3.87
404,Soe,ID,2022-03-24 03:58:16,-9.8607,124.284,80.67,59,89,4.59
405,Burla,IN,2022-03-24 03:58:16,21.5,83.8667,81.34,16,80,3.94
406,Santa Maria,BR,2022-03-24 03:56:48,-29.6842,-53.8069,69.1,94,75,2.3
407,Juegang,CN,2022-03-24 03:58:17,32.3174,121.1855,61.99,58,0,18.19
408,Vanavara,RU,2022-03-24 03:58:17,60.34,102.2797,23.29,87,99,7.56
409,Udachnyy,RU,2022-03-24 03:56:19,66.4167,112.4,10.45,78,75,5.01
410,Staropesterevo,RU,2022-03-24 03:58:18,54.5001,86.4094,25.84,85,100,18.84
411,Morros,BR,2022-03-24 03:58:18,-9.4467,-46.3003,73.6,85,57,0.96
412,Porto Torres,IT,2022-03-24 03:59:19,40.835,8.3972,37.58,53,2,4.47
413,Pritzwalk,DE,2022-03-24 03:59:19,53.1494,12.1741,34.59,64,0,3.8
414,Nago,JP,2022-03-24 03:59:20,26.5881,127.9761,68.45,63,94,14.23
415,Inongo,CD,2022-03-24 03:59:20,-1.95,18.2667,71.56,84,58,5.46
416,Mareeba,AU,2022-03-24 03:59:21,-17.0,145.4333,88.66,56,35,5.97
417,Alekseyevka,RU,2022-03-24 03:59:21,50.6309,38.6903,33.12,97,100,4.43
418,Ayna,PE,2022-03-24 03:59:22,-12.65,-73.9167,61.25,94,99,1.83
419,Carutapera,BR,2022-03-24 03:59:22,-1.195,-46.02,75.0,97,100,5.06
420,Pisco,PE,2022-03-24 03:59:23,-13.7,-76.2167,67.01,77,0,13.8
421,Madoc,CA,2022-03-24 03:59:23,44.5084,-77.4745,34.95,94,100,14.29
422,Nizhniy Kuranakh,RU,2022-03-24 03:59:23,58.8353,125.4869,29.3,78,92,4.21
423,Okhotsk,RU,2022-03-24 03:59:24,59.3833,143.3,20.17,79,80,5.01
424,Beringovskiy,RU,2022-03-24 03:59:24,63.05,179.3167,22.64,89,100,4.07
425,Ponnani,IN,2022-03-24 03:59:25,10.767,75.9252,81.72,68,60,3.8
426,Kuytun,RU,2022-03-24 03:59:25,54.3419,101.5036,23.38,83,46,3.83
427,Bonthe,SL,2022-03-24 03:59:26,7.5264,-12.505,76.33,92,28,4.47
428,Panama City,PA,2022-03-24 03:55:16,8.9936,-79.5197,79.18,76,20,8.05
429,Ust-Tsilma,RU,2022-03-24 03:59:27,65.441,52.1498,20.08,96,100,3.27
430,Saint-Georges,GD,2022-03-24 03:59:27,12.0564,-61.7485,78.48,78,20,13.8
431,Shepetivka,UA,2022-03-24 03:59:28,50.1855,27.0637,38.39,76,2,9.04
432,Pedernales,DO,2022-03-24 03:59:28,18.0384,-71.744,76.87,67,3,7.38
433,Khani,GE,2022-03-24 03:59:28,41.9563,42.9566,36.97,88,100,3.69
434,Constitucion,CL,2022-03-24 03:56:28,-35.3333,-72.4167,56.32,49,0,15.9
435,Cognac,FR,2022-03-24 03:59:29,45.5,-0.25,42.04,60,0,3.44
436,Dryden,CA,2022-03-24 03:59:30,49.7833,-92.7503,32.29,93,100,6.91
437,Yuncheng,CN,2022-03-24 03:59:30,35.0231,110.9928,61.68,47,100,3.65
438,Aguimes,ES,2022-03-24 03:59:30,27.9054,-15.4461,57.83,63,40,11.5
439,Ha Tinh,VN,2022-03-24 03:59:31,18.3333,105.9,76.26,77,97,2.44
440,Mehamn,NO,2022-03-24 03:59:31,71.0357,27.8492,26.55,50,75,16.11
441,Medea,DZ,2022-03-24 03:59:32,36.2642,2.7539,43.65,67,34,14.18
442,Amalapuram,IN,2022-03-24 03:59:32,16.5833,82.0167,90.5,46,46,4.85
443,Tamboril,DO,2022-03-24 03:59:33,19.4854,-70.611,74.17,88,40,6.91
444,Antofagasta,CL,2022-03-24 03:59:33,-23.65,-70.4,60.08,80,39,6.02
445,Paralimni,CY,2022-03-24 03:59:33,35.0375,33.9833,45.14,82,100,5.01
446,Burdur,TR,2022-03-24 03:59:34,37.7203,30.2908,23.7,80,20,6.91
447,Lakhisarai,IN,2022-03-24 03:59:34,25.1768,86.0932,90.45,8,5,9.66
448,Port Hardy,CA,2022-03-24 03:57:13,50.6996,-127.4199,44.6,93,100,3.44
449,Qaqortoq,GL,2022-03-24 03:59:35,60.7167,-46.0333,15.75,85,81,6.44
450,Yaan,NG,2022-03-24 03:59:37,7.3833,8.5667,81.57,65,99,6.76
451,Zhangjiakou,CN,2022-03-24 03:59:38,40.81,114.8794,45.19,66,100,4.92
452,Sakakah,SA,2022-03-24 03:59:38,29.9697,40.2064,45.97,45,0,4.72
453,Oriximina,BR,2022-03-24 03:58:21,-1.7656,-55.8661,74.28,95,41,2.82
454,Boende,CD,2022-03-24 03:59:39,-0.2167,20.8667,69.85,85,31,0.98
455,San Juan,AR,2022-03-24 03:59:39,-31.5375,-68.5364,59.07,35,3,19.42
456,Saint-Augustin,CA,2022-03-24 04:00:40,51.226,-58.6502,25.14,73,16,22.77
457,Marfino,RU,2022-03-24 04:00:41,55.7028,37.3822,28.65,68,0,2.24
458,Preobrazheniye,RU,2022-03-24 04:00:42,42.9019,133.9064,42.08,64,31,6.46
459,Totness,SR,2022-03-24 04:00:42,5.8833,-56.3167,75.6,92,90,7.76
460,Idaho Falls,US,2022-03-24 03:58:07,43.4666,-112.0341,37.78,80,18,4.52
461,Guerrero Negro,MX,2022-03-24 03:58:08,27.9769,-114.0611,69.4,26,0,1.1
462,Ballina,AU,2022-03-24 04:00:43,-28.8667,153.5667,79.79,87,18,2.35
463,Northam,GB,2022-03-24 04:00:44,51.0333,-4.2167,44.38,72,7,5.32
464,Zhelyabovka,UA,2022-03-24 04:00:45,45.3988,34.7578,34.32,84,0,5.37
465,Chongwe,ZM,2022-03-24 04:00:45,-15.3292,28.682,60.82,96,8,2.82
466,Ngunguru,NZ,2022-03-24 04:00:46,-35.6167,174.5,71.28,70,0,19.48
467,Balkhash,KZ,2022-03-24 04:00:47,46.844,74.9804,29.01,80,0,15.66
468,Pendencias,BR,2022-03-24 04:00:48,-5.26,-36.7222,76.12,87,98,5.12
469,Mengyin,CN,2022-03-24 04:00:48,35.7069,117.9264,62.91,42,9,12.12
470,Nagaur,IN,2022-03-24 04:00:48,27.2,73.7333,83.93,20,0,17.18
471,Mananara,MG,2022-03-24 04:00:49,-16.1667,49.7667,76.64,87,53,4.92
472,Turayf,SA,2022-03-24 04:00:50,31.6725,38.6637,39.51,53,0,11.18
473,Sidney,AU,2022-03-24 03:58:26,-33.8679,151.2073,70.32,92,75,6.91
474,Sucua,EC,2022-03-24 04:00:53,-2.4667,-78.1667,68.49,98,90,2.44
475,Chivilcoy,AR,2022-03-24 04:00:54,-34.8957,-60.0167,56.01,10,100,18.99
476,Souillac,MU,2022-03-24 03:58:17,-20.5167,57.5167,79.18,83,40,5.75
477,Salas,ES,2022-03-24 04:00:55,43.4118,-6.2602,47.52,75,13,4.18
478,Pangody,RU,2022-03-24 04:00:56,65.85,74.4859,10.02,95,93,6.08
479,Najran,SA,2022-03-24 04:00:57,17.4924,44.1277,72.79,47,18,3.13
480,Ahipara,NZ,2022-03-24 04:00:57,-35.1667,173.1667,70.02,75,16,17.54
481,Buin,CL,2022-03-24 04:00:57,-33.7333,-70.75,61.74,57,0,6.55
482,Saint Anthony,US,2022-03-24 04:00:58,45.0205,-93.218,34.93,82,100,16.11
483,Tuatapere,NZ,2022-03-24 04:00:59,-46.1333,167.6833,60.19,57,65,10.2
484,Nanma,CN,2022-03-24 04:01:00,36.1817,118.1583,62.29,42,27,14.27
485,Socorro,US,2022-03-24 04:00:02,31.6546,-106.3033,57.49,24,0,4.14
486,Talant,FR,2022-03-24 04:01:01,47.3369,5.0089,40.42,75,0,5.75
487,Kasongo-Lunda,CD,2022-03-24 04:01:01,-6.4667,16.8167,67.87,98,34,1.43
488,Vilyuysk,RU,2022-03-24 04:01:02,63.7553,121.6247,23.27,86,100,2.89
489,Pangkalanbuun,ID,2022-03-24 04:00:27,-2.6833,111.6167,95.0,46,95,0.98
490,Dire,ML,2022-03-24 04:01:03,12.2833,-10.9667,83.61,45,66,3.83
491,Ayagoz,KZ,2022-03-24 04:01:03,47.9714,80.4392,22.26,90,99,19.17
492,Hamilton,US,2022-03-24 04:00:31,39.1834,-84.5333,51.06,70,70,4.0
493,Nyuksenitsa,RU,2022-03-24 04:01:04,60.4128,44.2397,27.91,93,98,7.63
494,Del Rio,US,2022-03-24 04:01:05,29.3627,-100.8968,56.23,22,11,7.05
495,Castro Daire,PT,2022-03-24 04:01:05,40.8984,-7.9338,43.88,84,28,9.1
496,Sfantu Gheorghe,RO,2022-03-24 04:01:05,45.8667,25.7833,30.92,81,0,0.54
497,Teknaf,BD,2022-03-24 04:01:06,20.8624,92.3058,84.0,63,38,8.25
498,Uryupinsk,RU,2022-03-24 04:01:07,50.8047,42.0138,32.76,94,98,5.95
499,Asau,RO,2022-03-24 04:01:08,46.4333,26.4,27.52,69,0,6.04
500,Kindu,CD,2022-03-24 04:01:08,-2.95,25.95,67.66,98,82,2.51
501,Mezen,RU,2022-03-24 04:02:09,65.8522,44.24,30.52,98,100,5.26
502,Maputo,MZ,2022-03-24 04:02:03,-25.9653,32.5892,70.23,87,20,5.75
503,Vestmannaeyjar,IS,2022-03-24 04:02:09,63.4427,-20.2734,45.88,95,100,15.66
504,Ambilobe,MG,2022-03-24 04:02:10,-13.2,49.05,76.69,92,8,1.74
505,San Policarpo,PH,2022-03-24 04:02:10,12.1791,125.5072,82.8,77,59,9.55
506,Gouyave,GD,2022-03-24 04:02:11,12.1646,-61.7296,77.34,77,1,20.76
507,Surab,PK,2022-03-24 04:02:12,28.4914,66.2585,63.1,21,0,11.59
508,Shirokiy,RU,2022-03-24 04:02:12,49.758,129.523,29.1,99,99,3.67
509,Slave Lake,CA,2022-03-24 04:02:13,55.2834,-114.769,36.7,75,100,13.13
510,Izmalkovo,RU,2022-03-24 04:02:13,52.6887,37.964,29.23,90,100,7.07
511,Shunyi,CN,2022-03-24 04:02:13,40.125,116.6453,48.15,71,53,4.47
512,Valdez,EC,2022-03-24 04:02:14,1.2492,-78.9831,76.64,92,100,3.24
513,Piacabucu,BR,2022-03-24 04:02:14,-10.4056,-36.4344,77.76,83,20,7.85
514,Olafsvik,IS,2022-03-24 04:02:15,64.8945,-23.7142,40.5,97,100,10.76
515,Conceicao Do Araguaia,BR,2022-03-24 04:01:28,-8.2578,-49.2647,72.95,96,99,2.39
516,Gabaldon,PH,2022-03-24 04:02:16,15.4522,121.3387,88.66,58,57,6.82
517,Bonavista,CA,2022-03-24 04:02:16,48.6499,-53.1147,28.56,94,100,24.11
518,Pajan,EC,2022-03-24 04:02:17,-1.5667,-80.4167,73.4,95,96,1.45
519,Calama,CL,2022-03-24 04:02:17,-22.4667,-68.9333,53.44,32,2,3.29
520,Emerald,AU,2022-03-24 04:02:18,-23.5333,148.1667,92.34,31,37,8.88
521,Camacupa,AO,2022-03-24 04:02:18,-12.0167,17.4833,61.56,95,100,2.04
522,Mayya,RU,2022-03-24 04:02:19,61.7333,130.2811,15.12,76,86,3.8
523,Oristano,IT,2022-03-24 04:02:19,39.9,8.6,41.23,52,10,8.12
524,Torata,PE,2022-03-24 04:02:19,-17.0769,-70.8433,59.79,71,40,1.83
525,Burgersdorp,ZA,2022-03-24 04:02:20,-30.9977,26.3286,53.49,96,85,4.45
526,Shuyskoye,RU,2022-03-24 04:02:20,59.3736,41.0305,26.33,97,42,5.12
527,Cabinda,AO,2022-03-24 04:02:21,-5.55,12.2,78.93,92,36,3.53
528,Pacific Grove,US,2022-03-24 04:02:21,36.6177,-121.9166,55.42,89,25,1.99
529,Custoias,PT,2022-03-24 04:02:22,41.1053,-7.321,42.22,83,33,6.85
530,Devgarh,IN,2022-03-24 04:02:22,25.5333,73.9,81.03,21,4,12.64
531,Dovolnoye,RU,2022-03-24 04:02:23,54.4958,79.6671,24.3,94,100,15.52
532,Macapa,BR,2022-03-24 04:02:23,0.0389,-51.0664,74.86,94,100,5.73
533,Santa Vitoria Do Palmar,BR,2022-03-24 04:02:24,-33.5189,-53.3681,70.14,89,100,8.84
534,Santa Isabel Do Rio Negro,BR,2022-03-24 04:02:24,-0.4139,-65.0192,73.85,98,100,2.42
535,Gilroy,US,2022-03-24 03:59:07,37.0058,-121.5683,61.65,70,0,8.05
536,Hokitika,NZ,2022-03-24 04:02:25,-42.7167,170.9667,65.91,70,24,15.99
537,Zaragoza,ES,2022-03-24 03:57:48,41.6561,-0.8773,46.85,71,20,1.14
538,Ambalavao,MG,2022-03-24 04:02:26,-21.8333,46.9333,66.56,94,90,1.88
539,Hofn,IS,2022-03-24 04:02:26,64.2539,-15.2082,38.17,94,100,9.69
540,Cordoba,AR,2022-03-24 03:57:38,-31.4135,-64.1811,55.76,68,75,27.63
541,Tabuk,PH,2022-03-24 04:02:27,17.4189,121.4443,85.24,65,60,4.92
542,Tessalit,ML,2022-03-24 04:02:27,20.1986,1.0114,68.04,12,12,6.42
543,Acapulco,MX,2022-03-24 03:58:59,16.8634,-99.8901,75.43,69,25,3.18
544,Kibondo,TZ,2022-03-24 04:02:28,-3.5864,30.7203,57.58,96,25,1.43
545,Mikun,RU,2022-03-24 04:02:28,62.3547,50.0771,29.75,95,100,8.61
546,Nanakuli,US,2022-03-24 04:02:29,21.3906,-158.1547,78.17,60,100,8.05
547,Huarmey,PE,2022-03-24 04:02:01,-10.0681,-78.1522,70.72,83,99,6.96
548,Alugan,PH,2022-03-24 04:03:30,12.2188,125.4808,82.92,76,54,9.22
549,Shubarkuduk,KZ,2022-03-24 04:03:30,49.1447,56.4872,20.26,93,71,5.77
550,Manggar,ID,2022-03-24 04:03:30,-2.8833,108.2667,86.27,67,45,8.01
